A3IRHO9RKEV0L7:36NEMU28XKTLN2UY7JIHB7GJVYSMWJ,initialized,0,,1612803722948
A3IRHO9RKEV0L7:36NEMU28XKTLN2UY7JIHB7GJVYSMWJ,window_resize,0,"[1024, 767]",1612803722948
A3SA97VT1923NN:3TPWUS5F8EH8EGI7UUO38BB71KCWCZ,initialized,0,,1612825391077
A3SA97VT1923NN:3TPWUS5F8EH8EGI7UUO38BB71KCWCZ,window_resize,0,"[1024, 660]",1612825391077
A3SA97VT1923NN:3TPWUS5F8EH8EGI7UUO38BB71KCWCZ,focus,117373,off,1612825508450
A3SA97VT1923NN:3TPWUS5F8EH8EGI7UUO38BB71KCWCZ,focus,33034,on,1612825541484
A3N40Z29QX64UJ:3P4MQ7TPP2SXG8SQL3WCADS49Y6BB3,initialized,0,,1612820480320
A3N40Z29QX64UJ:3P4MQ7TPP2SXG8SQL3WCADS49Y6BB3,window_resize,0,"[1561, 748]",1612820480320
A1DIOT6SG0NJU6:3LO69W1SU8T5KYMDS2DKPRF616VGLX,initialized,0,,1612829755517
A1DIOT6SG0NJU6:3LO69W1SU8T5KYMDS2DKPRF616VGLX,window_resize,0,"[1024, 767]",1612829755517
debugSCS93B:debug3TRQ8R,initialized,0,,1612802692971
debugSCS93B:debug3TRQ8R,window_resize,0,"[1024, 767]",1612802692971
A3M9BQ35J9DI4I:3X65QVEQI53S3M68QGH1Z0UR3DKCLY,initialized,0,,1612802866957
A3M9BQ35J9DI4I:3X65QVEQI53S3M68QGH1Z0UR3DKCLY,window_resize,0,"[1024, 658]",1612802866957
A3M9BQ35J9DI4I:3X65QVEQI53S3M68QGH1Z0UR3DKCLY,focus,2536,off,1612802869493
A3M9BQ35J9DI4I:3X65QVEQI53S3M68QGH1Z0UR3DKCLY,window_resize,2270,"[1024, 641]",1612802871763
A3M9BQ35J9DI4I:3X65QVEQI53S3M68QGH1Z0UR3DKCLY,focus,683,on,1612802872446
A3M9BQ35J9DI4I:3X65QVEQI53S3M68QGH1Z0UR3DKCLY,window_resize,13753,"[1024, 665]",1612802886199
A3M9BQ35J9DI4I:3X65QVEQI53S3M68QGH1Z0UR3DKCLY,window_resize,485,"[1024, 660]",1612802886684
A3M9BQ35J9DI4I:3X65QVEQI53S3M68QGH1Z0UR3DKCLY,focus,64164,off,1612802950848
A3M9BQ35J9DI4I:3X65QVEQI53S3M68QGH1Z0UR3DKCLY,focus,580556,on,1612803531404
A9QK84HBU3FX3:3NGI5ARFTYLY74B82BLOZLKK4Q4P1T,initialized,0,,1612809701344
A9QK84HBU3FX3:3NGI5ARFTYLY74B82BLOZLKK4Q4P1T,window_resize,0,"[1024, 660]",1612809701344
A9QK84HBU3FX3:3NGI5ARFTYLY74B82BLOZLKK4Q4P1T,window_resize,51404,"[1027, 660]",1612809752748
A3FQOXMW73Z3BB:3YGXWBAF75XW5EZNKOIKDJSGHRPC45,initialized,0,,1612802752427
A3FQOXMW73Z3BB:3YGXWBAF75XW5EZNKOIKDJSGHRPC45,window_resize,2,"[980, 1641]",1612802752429
A3HYKJ2457U3EN:3P4RDNWNDAMDLZ48F51AUOFUCTZJI5,initialized,0,,1612802737892
A3HYKJ2457U3EN:3P4RDNWNDAMDLZ48F51AUOFUCTZJI5,window_resize,0,"[1024, 671]",1612802737892
A3HYKJ2457U3EN:3P4RDNWNDAMDLZ48F51AUOFUCTZJI5,window_resize,5992,"[1366, 687]",1612802743884
A2NAKIXS3DVGAA:3VE8AYVF8RD4RR6ZNTYY21TOGQDF8Q,initialized,0,,1612803528043
A2NAKIXS3DVGAA:3VE8AYVF8RD4RR6ZNTYY21TOGQDF8Q,window_resize,1,"[1024, 768]",1612803528044
A2NAKIXS3DVGAA:3VE8AYVF8RD4RR6ZNTYY21TOGQDF8Q,focus,388,on,1612803528432
ASFQ9G5I1CGE0:3DI28L7YXFUUADMITX5D59LGQJCE17,initialized,0,,1612815467876
ASFQ9G5I1CGE0:3DI28L7YXFUUADMITX5D59LGQJCE17,window_resize,0,"[1028, 758]",1612815467876
ASFQ9G5I1CGE0:3DI28L7YXFUUADMITX5D59LGQJCE17,focus,137135,off,1612815605011
A23BWWRR7J5XLS:3SBEHTYCWSJ3GOZ7152D4BUIPZZIYT,initialized,0,,1612874758464
A23BWWRR7J5XLS:3SBEHTYCWSJ3GOZ7152D4BUIPZZIYT,window_resize,0,"[1024, 767]",1612874758464
A2ZHBK2MDL2L51:3S96KQ6I9RKQRRKRZLE35XMQIQIDT2,initialized,0,,1612802707105
A2ZHBK2MDL2L51:3S96KQ6I9RKQRRKRZLE35XMQIQIDT2,window_resize,0,"[931, 600]",1612802707105
A2ZHBK2MDL2L51:3S96KQ6I9RKQRRKRZLE35XMQIQIDT2,focus,2119,off,1612802709224
A2ZHBK2MDL2L51:3S96KQ6I9RKQRRKRZLE35XMQIQIDT2,focus,3141,on,1612802712365
A2YI7A7U7J2FEV:32Z9ZLUT1Q0RQFKLP0BU28V1BAUOH0,initialized,0,,1612802677161
A2YI7A7U7J2FEV:32Z9ZLUT1Q0RQFKLP0BU28V1BAUOH0,window_resize,0,"[1028, 758]",1612802677161
A86CV0UIQQDF0:37FMASSAYH773G6WRDOTW0WH4OQBIC,initialized,0,,1612803479455
A86CV0UIQQDF0:37FMASSAYH773G6WRDOTW0WH4OQBIC,window_resize,0,"[1037, 803]",1612803479455
A86CV0UIQQDF0:37FMASSAYH773G6WRDOTW0WH4OQBIC,window_resize,4235,"[2250, 1409]",1612803483690
A304UJAE051J89:3K9FOBBF2MZBUQ3ZF6QFFBO32HYLNP,initialized,0,,1612803023594
A304UJAE051J89:3K9FOBBF2MZBUQ3ZF6QFFBO32HYLNP,window_resize,0,"[1366, 676]",1612803023594
A3QH70ZZE92YAG:34MAJL3QP938SE34RV7JKGOMBEE340,initialized,0,,1612803566386
A3QH70ZZE92YAG:34MAJL3QP938SE34RV7JKGOMBEE340,window_resize,0,"[1028, 760]",1612803566386
A202JQCP45ZWYU:3HWRJOOETAIU4XLC6GKX1A8PGJ7SEN,initialized,0,,1612803706651
A202JQCP45ZWYU:3HWRJOOETAIU4XLC6GKX1A8PGJ7SEN,window_resize,1,"[1024, 660]",1612803706652
A202JQCP45ZWYU:3HWRJOOETAIU4XLC6GKX1A8PGJ7SEN,focus,115116,off,1612803821768
A202JQCP45ZWYU:3HWRJOOETAIU4XLC6GKX1A8PGJ7SEN,focus,133650,on,1612803955418
A2A6FH0F7LD9ND:3T3IWE1XGB3KG0OW47KN5WTP157TQN,initialized,0,,1612807479635
A2A6FH0F7LD9ND:3T3IWE1XGB3KG0OW47KN5WTP157TQN,window_resize,0,"[1024, 767]",1612807479635
A3O5RKGH6VB19C:3R0T90IZ1XSCHUS7FPKLM8PJ7WYCGS,initialized,0,,1612802807233
A3O5RKGH6VB19C:3R0T90IZ1XSCHUS7FPKLM8PJ7WYCGS,window_resize,1,"[1024, 649]",1612802807234
A3O5RKGH6VB19C:3R0T90IZ1XSCHUS7FPKLM8PJ7WYCGS,focus,42317,off,1612802849551
A3O5RKGH6VB19C:3R0T90IZ1XSCHUS7FPKLM8PJ7WYCGS,focus,811,on,1612802850362
A36ZKMRJCHF2HX:3DQQ64TANL1R85RBZZA9SBAE033WPP,initialized,0,,1612809761847
A36ZKMRJCHF2HX:3DQQ64TANL1R85RBZZA9SBAE033WPP,window_resize,0,"[1024, 767]",1612809761847
A36ZKMRJCHF2HX:3DQQ64TANL1R85RBZZA9SBAE033WPP,focus,3384,off,1612809765231
A36ZKMRJCHF2HX:3DQQ64TANL1R85RBZZA9SBAE033WPP,window_resize,3157,"[1487, 903]",1612809768388
A36ZKMRJCHF2HX:3DQQ64TANL1R85RBZZA9SBAE033WPP,focus,3344,on,1612809771732
A36ZKMRJCHF2HX:3DQQ64TANL1R85RBZZA9SBAE033WPP,window_resize,30194,"[1920, 988]",1612809801926
A3UZVATYJ9BYCW:3LPW2N6LKYIANRKNKKMUCHK0ONRU52,initialized,0,,1612803831685
A3UZVATYJ9BYCW:3LPW2N6LKYIANRKNKKMUCHK0ONRU52,window_resize,0,"[1032, 614]",1612803831685
A33B85TN97HQ33:351SEKWQS5XMEWU7QODRJJRYON5DMU,initialized,0,,1612897456169
A33B85TN97HQ33:351SEKWQS5XMEWU7QODRJJRYON5DMU,window_resize,1,"[1024, 768]",1612897456170
A33B85TN97HQ33:351SEKWQS5XMEWU7QODRJJRYON5DMU,focus,584,on,1612897456754
A3F51C49T9A34D:37U1UTWH9021UHB8EOYSJQ77JEOR8X,initialized,0,,1612818532079
A3F51C49T9A34D:37U1UTWH9021UHB8EOYSJQ77JEOR8X,window_resize,0,"[1024, 767]",1612818532079
A3F51C49T9A34D:37U1UTWH9021UHB8EOYSJQ77JEOR8X,window_resize,1553,"[1918, 1148]",1612818533632
A3F51C49T9A34D:37U1UTWH9021UHB8EOYSJQ77JEOR8X,window_resize,711,"[1096, 656]",1612818534343
A3F51C49T9A34D:37U1UTWH9021UHB8EOYSJQ77JEOR8X,window_resize,299,"[959, 574]",1612818534642
A3F51C49T9A34D:37U1UTWH9021UHB8EOYSJQ77JEOR8X,window_resize,31846,"[1096, 656]",1612818566488
A3F51C49T9A34D:37U1UTWH9021UHB8EOYSJQ77JEOR8X,window_resize,489,"[1534, 918]",1612818566977
A3F51C49T9A34D:37U1UTWH9021UHB8EOYSJQ77JEOR8X,window_resize,60433,"[1096, 656]",1612818627410
AIWSB4YTN32GF:32AT8R96GQPBTTIYWGZ25SUS27JUSO,initialized,0,,1612816885675
AIWSB4YTN32GF:32AT8R96GQPBTTIYWGZ25SUS27JUSO,window_resize,1,"[1028, 615]",1612816885676
AIWSB4YTN32GF:32AT8R96GQPBTTIYWGZ25SUS27JUSO,window_resize,13841,"[1178, 578]",1612816899517
debugnl1Pf:debuge9IEX,initialized,0,,1612821004352
debugnl1Pf:debuge9IEX,window_resize,0,"[1024, 767]",1612821004352
debugnl1Pf:debuge9IEX,focus,29053,off,1612821033405
debugnl1Pf:debuge9IEX,focus,34233,on,1612821067638
debugnl1Pf:debuge9IEX,focus,11853,off,1612821079491
debugnl1Pf:debuge9IEX,focus,792,on,1612821080283
A3VPD34C23PQTQ:33FBRBDW6TFXOFMPWR8XUV8LJDLC8C,initialized,0,,1612802803141
A3VPD34C23PQTQ:33FBRBDW6TFXOFMPWR8XUV8LJDLC8C,window_resize,0,"[1024, 740]",1612802803141
A3VPD34C23PQTQ:33FBRBDW6TFXOFMPWR8XUV8LJDLC8C,focus,2645,on,1612802805786
AL8TL480ET24G:3MMN5BL1W4KOW4SAXZ7F6A5MX5XM3C,initialized,0,,1612802717382
AL8TL480ET24G:3MMN5BL1W4KOW4SAXZ7F6A5MX5XM3C,window_resize,0,"[1024, 660]",1612802717382
A3T9K2RY06UO14:3STRJBFXO17Y5XQ1R20Q9AHG2ZGTKW,initialized,0,,1612809843069
A3T9K2RY06UO14:3STRJBFXO17Y5XQ1R20Q9AHG2ZGTKW,window_resize,0,"[1126, 790]",1612809843069
A3T9K2RY06UO14:3STRJBFXO17Y5XQ1R20Q9AHG2ZGTKW,focus,28749,off,1612809871818
A3T9K2RY06UO14:3STRJBFXO17Y5XQ1R20Q9AHG2ZGTKW,focus,44055,on,1612809915873
A3T9K2RY06UO14:3STRJBFXO17Y5XQ1R20Q9AHG2ZGTKW,window_resize,12961,"[1522, 790]",1612809928834
A3T9K2RY06UO14:3STRJBFXO17Y5XQ1R20Q9AHG2ZGTKW,focus,19058,off,1612809947892
A3T9K2RY06UO14:3STRJBFXO17Y5XQ1R20Q9AHG2ZGTKW,focus,1,on,1612809947893
A2JJF5OFND2KL5:31JLPPHS2ZACW7DMAFMSYEURS5CO3T,initialized,0,,1612804449905
A2JJF5OFND2KL5:31JLPPHS2ZACW7DMAFMSYEURS5CO3T,window_resize,0,"[1008, 660]",1612804449905
AS2MFSWNC5CQI:3BXQMRHWK4E8VY5TCJ3GTJVMAIHMUK,initialized,0,,1612802815451
AS2MFSWNC5CQI:3BXQMRHWK4E8VY5TCJ3GTJVMAIHMUK,window_resize,0,"[1024, 767]",1612802815451
AS2MFSWNC5CQI:3BXQMRHWK4E8VY5TCJ3GTJVMAIHMUK,focus,29278,off,1612802844729
A3P57IUDHUKNCE:3SKRO2GZ767XWDESPJGG34YLAGO1KU,initialized,0,,1612804639083
A3P57IUDHUKNCE:3SKRO2GZ767XWDESPJGG34YLAGO1KU,window_resize,0,"[1008, 660]",1612804639083
ATPXLUQECTOD2:3O6CYIULEIH40AZ7GL932HXD8KVWUL,initialized,0,,1612802859653
ATPXLUQECTOD2:3O6CYIULEIH40AZ7GL932HXD8KVWUL,window_resize,0,"[1024, 660]",1612802859653
ATPXLUQECTOD2:3O6CYIULEIH40AZ7GL932HXD8KVWUL,window_resize,15785,"[1366, 768]",1612802875438
ATPXLUQECTOD2:3O6CYIULEIH40AZ7GL932HXD8KVWUL,window_resize,20125,"[1024, 660]",1612802895563
ATPXLUQECTOD2:3O6CYIULEIH40AZ7GL932HXD8KVWUL,focus,3139,off,1612802898702
ATPXLUQECTOD2:3O6CYIULEIH40AZ7GL932HXD8KVWUL,focus,1322,on,1612802900024
ATPXLUQECTOD2:3O6CYIULEIH40AZ7GL932HXD8KVWUL,focus,773,off,1612802900797
ATPXLUQECTOD2:3O6CYIULEIH40AZ7GL932HXD8KVWUL,focus,7927,on,1612802908724
ATPXLUQECTOD2:3O6CYIULEIH40AZ7GL932HXD8KVWUL,focus,648,off,1612802909372
A6FJIVPC8NIK1:3MYYFCXHJ8N9MQFSMAE33ADVFJL4GB,initialized,0,,1612804598010
A6FJIVPC8NIK1:3MYYFCXHJ8N9MQFSMAE33ADVFJL4GB,window_resize,0,"[1280, 739]",1612804598010
A6FJIVPC8NIK1:3MYYFCXHJ8N9MQFSMAE33ADVFJL4GB,focus,31304,off,1612804629314
A6FJIVPC8NIK1:3MYYFCXHJ8N9MQFSMAE33ADVFJL4GB,focus,62050,on,1612804691364
A6FJIVPC8NIK1:3MYYFCXHJ8N9MQFSMAE33ADVFJL4GB,focus,0,on,1612804691364
A9HQ3E0F2AGVO:3J4Q2Z4UT3JC8HSQZCPYSG0O5ZPQWA,initialized,0,,1612810716960
A9HQ3E0F2AGVO:3J4Q2Z4UT3JC8HSQZCPYSG0O5ZPQWA,window_resize,0,"[1504, 702]",1612810716960
A3DW0FJ9M3CV5F:3LRKMWOKBAXZATVA8OJ4V2W36VFZ2V,initialized,0,,1612802863543
A3DW0FJ9M3CV5F:3LRKMWOKBAXZATVA8OJ4V2W36VFZ2V,window_resize,0,"[1024, 745]",1612802863543
A21IUQEKZ6JF8O:3QILPRALQABGFJJGLHHBA62XIMIN8Y,initialized,0,,1612897976880
A21IUQEKZ6JF8O:3QILPRALQABGFJJGLHHBA62XIMIN8Y,window_resize,0,"[1024, 660]",1612897976880
A21IUQEKZ6JF8O:3QILPRALQABGFJJGLHHBA62XIMIN8Y,window_resize,73832,"[1366, 676]",1612898050712
A1GZ4Y5HNBTCES:3X87C8JFVBRJ10BHF7FXVRX3ZMTQSV,initialized,0,,1612804861926
A1GZ4Y5HNBTCES:3X87C8JFVBRJ10BHF7FXVRX3ZMTQSV,window_resize,0,"[1024, 700]",1612804861926
AILDNTO2TWB4A:3GFK2QRXXEXNFV9SFK1VU55X932W53,initialized,0,,1612807657580
AILDNTO2TWB4A:3GFK2QRXXEXNFV9SFK1VU55X932W53,window_resize,0,"[1024, 767]",1612807657580
AILDNTO2TWB4A:3GFK2QRXXEXNFV9SFK1VU55X932W53,window_resize,1268,"[1920, 988]",1612807658848
A1DWSHGZGK8X0K:3H8DHMCCWERRO8U45C0B46ZUZDRKD3,initialized,0,,1612802851069
A1DWSHGZGK8X0K:3H8DHMCCWERRO8U45C0B46ZUZDRKD3,window_resize,0,"[1440, 809]",1612802851069
A1DWSHGZGK8X0K:3H8DHMCCWERRO8U45C0B46ZUZDRKD3,window_resize,831,"[1440, 809]",1612802851900
A2P429K4D0WM9R:3EO896NRA1B3UDKJ9H0E8VH3NAFTJW,initialized,0,,1612802678998
A2P429K4D0WM9R:3EO896NRA1B3UDKJ9H0E8VH3NAFTJW,window_resize,0,"[1024, 660]",1612802678998
A2P429K4D0WM9R:3EO896NRA1B3UDKJ9H0E8VH3NAFTJW,focus,10561,off,1612802689559
A2P429K4D0WM9R:3EO896NRA1B3UDKJ9H0E8VH3NAFTJW,focus,165416,on,1612802854975
A2P429K4D0WM9R:3EO896NRA1B3UDKJ9H0E8VH3NAFTJW,focus,24364,off,1612802879339
A2P429K4D0WM9R:3EO896NRA1B3UDKJ9H0E8VH3NAFTJW,focus,14088,on,1612802893427
A1T643M1P572AA:3L4D84MIL48DP4TO9NJPUCEFCGKJHC,initialized,0,,1612802858941
A1T643M1P572AA:3L4D84MIL48DP4TO9NJPUCEFCGKJHC,window_resize,0,"[1024, 767]",1612802858941
A1T643M1P572AA:3L4D84MIL48DP4TO9NJPUCEFCGKJHC,window_resize,32783,"[1920, 988]",1612802891724
A1T643M1P572AA:3L4D84MIL48DP4TO9NJPUCEFCGKJHC,window_resize,4508,"[1024, 767]",1612802896232
A27JB6XHE7PAXQ:35GCEFQ6IA4OVBRTCOX9EC1VC9FZ36,initialized,0,,1612802873509
A27JB6XHE7PAXQ:35GCEFQ6IA4OVBRTCOX9EC1VC9FZ36,window_resize,0,"[1024, 767]",1612802873509
AN8KNI96ZSZSZ:34YB12FSQ34PQG4YSEEZP4UV1A2MGK,initialized,0,,1612802907075
AN8KNI96ZSZSZ:34YB12FSQ34PQG4YSEEZP4UV1A2MGK,window_resize,0,"[1024, 660]",1612802907075
A2PB1IT2WPJ9PK:345LHZDED2879CXJ61Y1XKMGAR0U3C,initialized,0,,1612802900741
A2PB1IT2WPJ9PK:345LHZDED2879CXJ61Y1XKMGAR0U3C,window_resize,0,"[1024, 670]",1612802900741
A2PB1IT2WPJ9PK:345LHZDED2879CXJ61Y1XKMGAR0U3C,focus,53471,on,1612802954212
AV4584AQEQAEN:3GU1KF0O4NHZK2T048ED5XXTQ2LBPO,initialized,0,,1612802721089
AV4584AQEQAEN:3GU1KF0O4NHZK2T048ED5XXTQ2LBPO,window_resize,0,"[1024, 660]",1612802721089
AV4584AQEQAEN:3GU1KF0O4NHZK2T048ED5XXTQ2LBPO,window_resize,17082,"[1366, 676]",1612802738171
AE015UO038LEC:3TMFV4NEPDU62DSUDI8Y6PFOBT3W85,initialized,0,,1612805320864
AE015UO038LEC:3TMFV4NEPDU62DSUDI8Y6PFOBT3W85,window_resize,0,"[1028, 758]",1612805320864
A1T429RLLFTG35:3JZQSN0I3VQJK6CH6RAMUEAM49QFG6,initialized,0,,1612802919867
A1T429RLLFTG35:3JZQSN0I3VQJK6CH6RAMUEAM49QFG6,window_resize,0,"[1536, 773]",1612802919867
A1JOJM9JG53H9R:3WAKVUDHU1WPAVY68D1RA1YWFTU7U2,initialized,0,,1612805418733
A1JOJM9JG53H9R:3WAKVUDHU1WPAVY68D1RA1YWFTU7U2,window_resize,0,"[1366, 676]",1612805418733
A2BZY06YRWGEDL:3CN4LGXD52498H0SGG09AAKZKF84Y6,initialized,0,,1612810896486
A2BZY06YRWGEDL:3CN4LGXD52498H0SGG09AAKZKF84Y6,window_resize,0,"[1028, 778]",1612810896486
A2BZY06YRWGEDL:3CN4LGXD52498H0SGG09AAKZKF84Y6,window_resize,887,"[2048, 1059]",1612810897373
A5G3VM0YEA197:3TXD01ZLD9XSR8GN6F3K7PEMOWKU4V,initialized,0,,1612899988445
A5G3VM0YEA197:3TXD01ZLD9XSR8GN6F3K7PEMOWKU4V,window_resize,0,"[1024, 768]",1612899988445
A5G3VM0YEA197:3TXD01ZLD9XSR8GN6F3K7PEMOWKU4V,window_resize,20737,"[2544, 1364]",1612900009182
A5G3VM0YEA197:3TXD01ZLD9XSR8GN6F3K7PEMOWKU4V,window_resize,2023,"[2544, 1364]",1612900011205
A5G3VM0YEA197:3TXD01ZLD9XSR8GN6F3K7PEMOWKU4V,window_resize,3746,"[2332, 1250]",1612900014951
A5G3VM0YEA197:3TXD01ZLD9XSR8GN6F3K7PEMOWKU4V,window_resize,225,"[2120, 1137]",1612900015176
A5G3VM0YEA197:3TXD01ZLD9XSR8GN6F3K7PEMOWKU4V,window_resize,230,"[1908, 1023]",1612900015406
A5G3VM0YEA197:3TXD01ZLD9XSR8GN6F3K7PEMOWKU4V,window_resize,243,"[1697, 909]",1612900015649
A5G3VM0YEA197:3TXD01ZLD9XSR8GN6F3K7PEMOWKU4V,window_resize,24927,"[1697, 909]",1612900040576
A5G3VM0YEA197:3TXD01ZLD9XSR8GN6F3K7PEMOWKU4V,focus,2152,off,1612900042728
A5G3VM0YEA197:3TXD01ZLD9XSR8GN6F3K7PEMOWKU4V,focus,1408,on,1612900044136
A5G3VM0YEA197:3TXD01ZLD9XSR8GN6F3K7PEMOWKU4V,window_resize,5192,"[1697, 909]",1612900049328
A5G3VM0YEA197:3TXD01ZLD9XSR8GN6F3K7PEMOWKU4V,window_resize,1042,"[1697, 909]",1612900050370
A5G3VM0YEA197:3TXD01ZLD9XSR8GN6F3K7PEMOWKU4V,window_resize,576,"[1697, 909]",1612900050946
A5G3VM0YEA197:3TXD01ZLD9XSR8GN6F3K7PEMOWKU4V,window_resize,2365,"[1697, 887]",1612900053311
ALKF763KECU1H:3P1L2B7AD65TCB3BGLQSU0O8SR3LO4,initialized,0,,1612805846179
ALKF763KECU1H:3P1L2B7AD65TCB3BGLQSU0O8SR3LO4,window_resize,1,"[1024, 612]",1612805846180
A26TP4HHSINK5E:3OONKJ5DKHZHZ2HZP81YGXS3GXPBO7,initialized,0,,1612803202142
A26TP4HHSINK5E:3OONKJ5DKHZHZ2HZP81YGXS3GXPBO7,window_resize,0,"[1028, 647]",1612803202142
A26TP4HHSINK5E:3OONKJ5DKHZHZ2HZP81YGXS3GXPBO7,focus,42243,off,1612803244385
A26TP4HHSINK5E:3OONKJ5DKHZHZ2HZP81YGXS3GXPBO7,focus,3729,on,1612803248114
AB3L4DBGHX7PG:369J354OFIQN1DJ65Y7I08X9BA36GA,initialized,0,,1612807934927
AB3L4DBGHX7PG:369J354OFIQN1DJ65Y7I08X9BA36GA,window_resize,0,"[1022, 767]",1612807934927
AB3L4DBGHX7PG:369J354OFIQN1DJ65Y7I08X9BA36GA,focus,1359,on,1612807936286
AB3L4DBGHX7PG:369J354OFIQN1DJ65Y7I08X9BA36GA,focus,23000,off,1612807959286
AB3L4DBGHX7PG:369J354OFIQN1DJ65Y7I08X9BA36GA,focus,12823,on,1612807972109
AYHK8DTZONHKC:3H7XDTSHKH7LVSYCWGKMY2WMZCGGW5,initialized,0,,1612803132923
AYHK8DTZONHKC:3H7XDTSHKH7LVSYCWGKMY2WMZCGGW5,window_resize,0,"[1028, 770]",1612803132923
A2S1U9FUO6SWOH:3NC5L260MT27CJTFUANUZNJOVVQFO2,initialized,0,,1612805996598
A2S1U9FUO6SWOH:3NC5L260MT27CJTFUANUZNJOVVQFO2,window_resize,0,"[1024, 767]",1612805996598
A2S1U9FUO6SWOH:3NC5L260MT27CJTFUANUZNJOVVQFO2,focus,63625,off,1612806060223
A2S1U9FUO6SWOH:3NC5L260MT27CJTFUANUZNJOVVQFO2,focus,3078,on,1612806063301
A2S1U9FUO6SWOH:3NC5L260MT27CJTFUANUZNJOVVQFO2,focus,30078,off,1612806093379
A2S1U9FUO6SWOH:3NC5L260MT27CJTFUANUZNJOVVQFO2,focus,3975,on,1612806097354
A182N7RLXGSCZG:3LYA37P8IV3Y9BWKRG959GBUWSGBKO,initialized,0,,1612803152687
A182N7RLXGSCZG:3LYA37P8IV3Y9BWKRG959GBUWSGBKO,window_resize,0,"[922, 691]",1612803152687
A182N7RLXGSCZG:3LYA37P8IV3Y9BWKRG959GBUWSGBKO,focus,207,on,1612803152894
A182N7RLXGSCZG:3LYA37P8IV3Y9BWKRG959GBUWSGBKO,window_resize,17343,"[1920, 980]",1612803170237
A182N7RLXGSCZG:3LYA37P8IV3Y9BWKRG959GBUWSGBKO,window_resize,2543,"[922, 691]",1612803172780
A182N7RLXGSCZG:3LYA37P8IV3Y9BWKRG959GBUWSGBKO,window_resize,3807,"[1920, 980]",1612803176587
A12UOIO3KBRF7M:3IXQG4FA2YEESFDTNJIGJ7XELY3B9T,initialized,0,,1612811743942
A12UOIO3KBRF7M:3IXQG4FA2YEESFDTNJIGJ7XELY3B9T,window_resize,0,"[1071, 511]",1612811743942
A12UOIO3KBRF7M:3IXQG4FA2YEESFDTNJIGJ7XELY3B9T,focus,17866,off,1612811761808
A1IEJ761NVH5OG:3QXNC7EIPNBD8SAJP3LRZQ1VUZW905,initialized,0,,1612900714777
A1IEJ761NVH5OG:3QXNC7EIPNBD8SAJP3LRZQ1VUZW905,window_resize,0,"[1440, 820]",1612900714777
A30US88GBGBG0V:39U1BHVTDQ7S9ZIU6W8RSO0ERDG3TH,initialized,0,,1612811734395
A30US88GBGBG0V:39U1BHVTDQ7S9ZIU6W8RSO0ERDG3TH,window_resize,0,"[1024, 725]",1612811734395
A30US88GBGBG0V:39U1BHVTDQ7S9ZIU6W8RSO0ERDG3TH,focus,408,on,1612811734803
A9HIJETW998RR:386CSBG1O42EE2DK8UCUUM1BHX5Q6I,initialized,0,,1612806392331
A9HIJETW998RR:386CSBG1O42EE2DK8UCUUM1BHX5Q6I,window_resize,0,"[1024, 767]",1612806392331
A3ADJFFLRNWUSK:3TPZPLC3M5SUH7PNPFZ7NEZH2FZ3PQ,initialized,0,,1612901123483
A3ADJFFLRNWUSK:3TPZPLC3M5SUH7PNPFZ7NEZH2FZ3PQ,window_resize,0,"[1024, 757]",1612901123483
A2KBTDHM44J7X4:3IAEQB9FMJ0IJ8OLUQJESHTPMK0DWS,initialized,0,,1612803195207
A2KBTDHM44J7X4:3IAEQB9FMJ0IJ8OLUQJESHTPMK0DWS,window_resize,0,"[1024, 767]",1612803195207
A2KBTDHM44J7X4:3IAEQB9FMJ0IJ8OLUQJESHTPMK0DWS,window_resize,12976,"[1920, 988]",1612803208183
AU849EHZNGV2Z:3MH9DQ7571S83O971G5LGEBPEW5GU6,initialized,0,,1612803185687
AU849EHZNGV2Z:3MH9DQ7571S83O971G5LGEBPEW5GU6,window_resize,0,"[919, 886]",1612803185687
AU849EHZNGV2Z:3MH9DQ7571S83O971G5LGEBPEW5GU6,focus,9651,off,1612803195338
AU849EHZNGV2Z:3MH9DQ7571S83O971G5LGEBPEW5GU6,focus,800,on,1612803196138
A2MOKIEQZ0OF2M:3EWIJTFFVTNU3O10XE1DR426LRME0K,initialized,0,,1612806239824
A2MOKIEQZ0OF2M:3EWIJTFFVTNU3O10XE1DR426LRME0K,window_resize,0,"[1326, 628]",1612806239824
A2MOKIEQZ0OF2M:3EWIJTFFVTNU3O10XE1DR426LRME0K,focus,15125,off,1612806254949
A2MOKIEQZ0OF2M:3EWIJTFFVTNU3O10XE1DR426LRME0K,focus,29005,on,1612806283954
A2MOKIEQZ0OF2M:3EWIJTFFVTNU3O10XE1DR426LRME0K,focus,28119,off,1612806312073
A2MOKIEQZ0OF2M:3EWIJTFFVTNU3O10XE1DR426LRME0K,focus,29544,on,1612806341617
A2MOKIEQZ0OF2M:3EWIJTFFVTNU3O10XE1DR426LRME0K,window_resize,10219,"[1327, 576]",1612806351836
A3V4AW6DGWBHDO:3X4JMASXCRPWWLPGNNZNQWWLIUA0B7,initialized,0,,1612803370108
A3V4AW6DGWBHDO:3X4JMASXCRPWWLPGNNZNQWWLIUA0B7,window_resize,0,"[1024, 660]",1612803370108
A3KW8XFFLI5TO5:34MAJL3QP938SE34RV7JKGOMBED430,initialized,0,,1612803264027
A3KW8XFFLI5TO5:34MAJL3QP938SE34RV7JKGOMBED430,window_resize,0,"[1024, 768]",1612803264027
A3KW8XFFLI5TO5:34MAJL3QP938SE34RV7JKGOMBED430,focus,471,off,1612803264498
A3KW8XFFLI5TO5:34MAJL3QP938SE34RV7JKGOMBED430,focus,0,on,1612803264498
A34T4R7G25LDJM:3OVHNO1VEBHMD3TQ5D3LRLN73M4DZI,initialized,0,,1612811939074
A34T4R7G25LDJM:3OVHNO1VEBHMD3TQ5D3LRLN73M4DZI,window_resize,0,"[1360, 657]",1612811939074
A3VZDRWPGJH46L:32AT8R96GQPBTTIYWGZ25SUS279USE,initialized,0,,1612806617678
A3VZDRWPGJH46L:32AT8R96GQPBTTIYWGZ25SUS279USE,window_resize,0,"[1024, 767]",1612806617678
A3VZDRWPGJH46L:32AT8R96GQPBTTIYWGZ25SUS279USE,window_resize,2838,"[1680, 958]",1612806620516
A3U2S6OPJNS4AQ:3137ONMDKLLRESCLBGQGCWPMS9DGET,initialized,0,,1612817533337
A3U2S6OPJNS4AQ:3137ONMDKLLRESCLBGQGCWPMS9DGET,window_resize,0,"[823, 615]",1612817533337
A3U2S6OPJNS4AQ:3137ONMDKLLRESCLBGQGCWPMS9DGET,focus,440,on,1612817533777
A3U2S6OPJNS4AQ:3137ONMDKLLRESCLBGQGCWPMS9DGET,window_resize,20747,"[2176, 1125]",1612817554524
A3914P24XPNPY3:3I02618YA5MEG1264ZV8ANPHFOUPUN,initialized,0,,1612817539910
A3914P24XPNPY3:3I02618YA5MEG1264ZV8ANPHFOUPUN,window_resize,0,"[819, 607]",1612817539910
A3914P24XPNPY3:3I02618YA5MEG1264ZV8ANPHFOUPUN,focus,482,on,1612817540392
AVXEDARJC5HLU:3UJ1CZ6IZM5U8ESJVFRUXG2C3Q75SY,initialized,0,,1612817562686
AVXEDARJC5HLU:3UJ1CZ6IZM5U8ESJVFRUXG2C3Q75SY,window_resize,0,"[1723, 886]",1612817562686
AMOAGR64033TY:36WLNQG784QVNB4AVUY2BLYPCVJBE3,initialized,0,,1612819482021
AMOAGR64033TY:36WLNQG784QVNB4AVUY2BLYPCVJBE3,window_resize,1,"[1037, 796]",1612819482022
AMOAGR64033TY:36WLNQG784QVNB4AVUY2BLYPCVJBE3,focus,25606,off,1612819507628
AMOAGR64033TY:36WLNQG784QVNB4AVUY2BLYPCVJBE3,focus,1681,on,1612819509309
AMOAGR64033TY:36WLNQG784QVNB4AVUY2BLYPCVJBE3,window_resize,1125,"[1600, 809]",1612819510434
A1CFGTNT1UHUQ8:3KYQYYSHY0NAEZFJ34S4BNG3JIPDO4,initialized,0,,1612812174744
A1CFGTNT1UHUQ8:3KYQYYSHY0NAEZFJ34S4BNG3JIPDO4,window_resize,0,"[1280, 689]",1612812174744
A38LW34F26WBJY:3ERET4BTVRPFLIHNTWV9IAG48SOK9Y,initialized,0,,1612807164022
A38LW34F26WBJY:3ERET4BTVRPFLIHNTWV9IAG48SOK9Y,window_resize,0,"[918, 620]",1612807164022
A2YFQS0N1IAN9I:3TMSXRD2XBGORD89EXZJRFSGXN8W1W,initialized,0,,1612807155756
A2YFQS0N1IAN9I:3TMSXRD2XBGORD89EXZJRFSGXN8W1W,window_resize,0,"[1024, 660]",1612807155756
A26KX5PGHY4FZJ:3HUTX6F6VZ3NBPH36F8NF4PZMRCO2I,initialized,0,,1612823309394
A26KX5PGHY4FZJ:3HUTX6F6VZ3NBPH36F8NF4PZMRCO2I,window_resize,0,"[1024, 692]",1612823309394
ADXRJFEHIDXRE:3TOK3KHVJYYUXQE9CRPIBV67X7YO7Y,initialized,0,,1612824329640
ADXRJFEHIDXRE:3TOK3KHVJYYUXQE9CRPIBV67X7YO7Y,window_resize,0,"[1536, 790]",1612824329640
A3JYTT5ZHFKR7A:31Q0U3WYDUV91Y786PR7ZZTZ4WP71V,initialized,0,,1612803268665
A3JYTT5ZHFKR7A:31Q0U3WYDUV91Y786PR7ZZTZ4WP71V,window_resize,0,"[1028, 756]",1612803268665
A3JYTT5ZHFKR7A:31Q0U3WYDUV91Y786PR7ZZTZ4WP71V,window_resize,59901,"[1536, 771]",1612803328566
A1SWGSFIMZJQE:36V4Q8R5ZPGG35YCVAJBJIYX7XWQM4,initialized,0,,1612813338906
A1SWGSFIMZJQE:36V4Q8R5ZPGG35YCVAJBJIYX7XWQM4,window_resize,0,"[1024, 740]",1612813338906
A1SWGSFIMZJQE:36V4Q8R5ZPGG35YCVAJBJIYX7XWQM4,window_resize,32854,"[1032, 740]",1612813371760
A1SWGSFIMZJQE:36V4Q8R5ZPGG35YCVAJBJIYX7XWQM4,window_resize,234,"[1440, 740]",1612813371994
AYH5S2NOTSFKR:3IXQG4FA2YEESFDTNJIGJ7XEL3T9BR,initialized,0,,1612901779724
AYH5S2NOTSFKR:3IXQG4FA2YEESFDTNJIGJ7XEL3T9BR,window_resize,0,"[1126, 606]",1612901779724
AYH5S2NOTSFKR:3IXQG4FA2YEESFDTNJIGJ7XEL3T9BR,focus,787,on,1612901780511
AYH5S2NOTSFKR:3IXQG4FA2YEESFDTNJIGJ7XEL3T9BR,window_resize,2612,"[1280, 620]",1612901783123
A1B9MG0X7SR28:37FMASSAYH773G6WRDOTW0WH4OYBIK,initialized,0,,1612807307536
A1B9MG0X7SR28:37FMASSAYH773G6WRDOTW0WH4OYBIK,window_resize,0,"[1366, 676]",1612807307536
AVFZLWRV14IYN:3PMBY0YE2CJX2K5Z1JEBUR3W3J49CZ,initialized,0,,1612803347095
AVFZLWRV14IYN:3PMBY0YE2CJX2K5Z1JEBUR3W3J49CZ,window_resize,0,"[1366, 669]",1612803347095
AVFZLWRV14IYN:3PMBY0YE2CJX2K5Z1JEBUR3W3J49CZ,window_resize,469,"[1366, 669]",1612803347564
A3W2RRAUPHYRIO:33SA9F9TR2ANBE2LQLUYYZBAMW2EWN,initialized,0,,1612803389260
A3W2RRAUPHYRIO:33SA9F9TR2ANBE2LQLUYYZBAMW2EWN,window_resize,0,"[1024, 767]",1612803389260
A2YOLW621EFX4V:3X1FV8S5J278G3Y766FQC0D8S3EGVV,initialized,0,,1612813559782
A2YOLW621EFX4V:3X1FV8S5J278G3Y766FQC0D8S3EGVV,window_resize,1,"[1024, 660]",1612813559783
AT20PW4G38BMM:3MB8LZR5BK9AMKIWITYZNJ7Z8MTLKK,initialized,0,,1612818317294
AT20PW4G38BMM:3MB8LZR5BK9AMKIWITYZNJ7Z8MTLKK,window_resize,0,"[1024, 660]",1612818317294
A3E7YSLM7WU3AT:3ZV9H2YQQINK1GMO11D2F87DV7MW3O,initialized,0,,1612809403145
A3E7YSLM7WU3AT:3ZV9H2YQQINK1GMO11D2F87DV7MW3O,window_resize,0,"[1024, 660]",1612809403145
A3E7YSLM7WU3AT:3ZV9H2YQQINK1GMO11D2F87DV7MW3O,focus,10673,off,1612809413818
A3E7YSLM7WU3AT:3ZV9H2YQQINK1GMO11D2F87DV7MW3O,focus,4486,on,1612809418304
A3E7YSLM7WU3AT:3ZV9H2YQQINK1GMO11D2F87DV7MW3O,window_resize,17939,"[1366, 676]",1612809436243
A2N44YMD67Y63D:3WETL7AQWYOQOX7450QTP8U0BF0538,initialized,0,,1612902509341
A2N44YMD67Y63D:3WETL7AQWYOQOX7450QTP8U0BF0538,window_resize,0,"[1124, 651]",1612902509341
A2N44YMD67Y63D:3WETL7AQWYOQOX7450QTP8U0BF0538,focus,387,on,1612902509728
A2N44YMD67Y63D:3WETL7AQWYOQOX7450QTP8U0BF0538,focus,61077,off,1612902570805
A2N44YMD67Y63D:3WETL7AQWYOQOX7450QTP8U0BF0538,focus,6604,on,1612902577409
A2N44YMD67Y63D:3WETL7AQWYOQOX7450QTP8U0BF0538,window_resize,4859,"[1108, 651]",1612902582268
A1KOBLL83SICGQ:3R9WASFE24WJBN7MWJYBFLQSF0XZFU,initialized,0,,1612836258514
A1KOBLL83SICGQ:3R9WASFE24WJBN7MWJYBFLQSF0XZFU,window_resize,1,"[1024, 660]",1612836258515
A15ZABA849AILA:3YW4XOSQKV1BZ9J4JXKI9R7JCDGU1Q,initialized,0,,1612903047689
A15ZABA849AILA:3YW4XOSQKV1BZ9J4JXKI9R7JCDGU1Q,window_resize,0,"[1024, 767]",1612903047689
A15ZABA849AILA:3YW4XOSQKV1BZ9J4JXKI9R7JCDGU1Q,window_resize,82322,"[1920, 988]",1612903130011
A358KM1AO6SKIO:3PJUZCGDJBWVQHFMK7Y6S57DDUC98Q,initialized,0,,1612831354550
A358KM1AO6SKIO:3PJUZCGDJBWVQHFMK7Y6S57DDUC98Q,window_resize,0,"[1024, 660]",1612831354550
AB8XECKH1JO8P:30IQTZXKAPM39OSHSJR5FTND1350XZ,initialized,0,,1612908665052
AB8XECKH1JO8P:30IQTZXKAPM39OSHSJR5FTND1350XZ,window_resize,0,"[1024, 767]",1612908665052
A1YZ0ETOCJO1B2:3I3WADAZ9VKFAM0QOYALDBSB613O5J,initialized,0,,1612878710421
A1YZ0ETOCJO1B2:3I3WADAZ9VKFAM0QOYALDBSB613O5J,window_resize,0,"[1024, 767]",1612878710421
A1YZ0ETOCJO1B2:3I3WADAZ9VKFAM0QOYALDBSB613O5J,window_resize,751,"[1440, 846]",1612878711172
A70TBKPGWQZO4:37TD41K0AMPF7Z1YAPE2BM8MVCYSC8,initialized,0,,1612947601761
A70TBKPGWQZO4:37TD41K0AMPF7Z1YAPE2BM8MVCYSC8,window_resize,0,"[1028, 758]",1612947601761
A70TBKPGWQZO4:37TD41K0AMPF7Z1YAPE2BM8MVCYSC8,focus,913,off,1612947602674
A70TBKPGWQZO4:37TD41K0AMPF7Z1YAPE2BM8MVCYSC8,focus,10771,on,1612947613445
A70TBKPGWQZO4:37TD41K0AMPF7Z1YAPE2BM8MVCYSC8,focus,1613,off,1612947615058
A70TBKPGWQZO4:37TD41K0AMPF7Z1YAPE2BM8MVCYSC8,focus,32760,on,1612947647818
A70TBKPGWQZO4:37TD41K0AMPF7Z1YAPE2BM8MVCYSC8,window_resize,25176,"[1536, 774]",1612947672994
A3OF9HAEZVBQ3G:3LPW2N6LKYIANRKNKKMUCHK0OSUU5F,initialized,0,,1612891560632
A3OF9HAEZVBQ3G:3LPW2N6LKYIANRKNKKMUCHK0OSUU5F,window_resize,0,"[1024, 655]",1612891560632
A3OF9HAEZVBQ3G:3LPW2N6LKYIANRKNKKMUCHK0OSUU5F,focus,35356,off,1612891595988
A3OF9HAEZVBQ3G:3LPW2N6LKYIANRKNKKMUCHK0OSUU5F,focus,75883567,on,1612967479555
AOMFEAWQHU3D8:3VW6495TLOGP6OEC5NOGQZO6FG6YYK,initialized,0,,1612887108227
AOMFEAWQHU3D8:3VW6495TLOGP6OEC5NOGQZO6FG6YYK,window_resize,0,"[1024, 767]",1612887108227
AOMFEAWQHU3D8:3VW6495TLOGP6OEC5NOGQZO6FG6YYK,window_resize,7479,"[927, 973]",1612887115706
A1W4QXY7ZURK69:33OOO72IVM1GMZEDZPJSLR48XUXTCH,initialized,0,,1612888228219
A1W4QXY7ZURK69:33OOO72IVM1GMZEDZPJSLR48XUXTCH,window_resize,0,"[1024, 660]",1612888228219
A240OTT1T85UGT:3DIP6YHAPH8CLD63SIESKJ8O4PYE87,initialized,0,,1612888318400
A240OTT1T85UGT:3DIP6YHAPH8CLD63SIESKJ8O4PYE87,window_resize,0,"[1028, 758]",1612888318400
A240OTT1T85UGT:3DIP6YHAPH8CLD63SIESKJ8O4PYE87,focus,46437,off,1612888364837
A240OTT1T85UGT:3DIP6YHAPH8CLD63SIESKJ8O4PYE87,focus,28332,on,1612888393169
AYXDE087J2KO:33FOTY3KER1FDF24X6ZIFLLD5GF1CZ,initialized,0,,1612981709071
AYXDE087J2KO:33FOTY3KER1FDF24X6ZIFLLD5GF1CZ,window_resize,1,"[1366, 676]",1612981709072
AYXDE087J2KO:33FOTY3KER1FDF24X6ZIFLLD5GF1CZ,window_resize,33399,"[1024, 660]",1612981742471
AYXDE087J2KO:33FOTY3KER1FDF24X6ZIFLLD5GF1CZ,window_resize,2695,"[1366, 676]",1612981745166
A1TPGXT718D68E:35DR22AR5I0ZQGREB69OHRLK4IY3XC,initialized,0,,1612991399340
A1TPGXT718D68E:35DR22AR5I0ZQGREB69OHRLK4IY3XC,window_resize,0,"[1024, 660]",1612991399340
A2R8V48VVX1BNO:36TFCYNS49QEKOYDQRYQLLMUNJTHX2,initialized,0,,1612889391398
A2R8V48VVX1BNO:36TFCYNS49QEKOYDQRYQLLMUNJTHX2,window_resize,0,"[1028, 758]",1612889391398
A2R8V48VVX1BNO:36TFCYNS49QEKOYDQRYQLLMUNJTHX2,focus,6062,off,1612889397460
A2R8V48VVX1BNO:36TFCYNS49QEKOYDQRYQLLMUNJTHX2,focus,3141,on,1612889400601
A2FC34XY1Q56NS:3U8YCDAGXUWJ0RR565WDLLRK4ZE0QW,initialized,0,,1612891298040
A2FC34XY1Q56NS:3U8YCDAGXUWJ0RR565WDLLRK4ZE0QW,window_resize,0,"[1024, 660]",1612891298040
ASKUEWVYYCZWO:3TU5ZICBRIH1IGW8199SE0X2NXX8QY,initialized,0,,1612893900045
ASKUEWVYYCZWO:3TU5ZICBRIH1IGW8199SE0X2NXX8QY,window_resize,0,"[1024, 662]",1612893900045
A20WECK0YBMQAO:35H6S234SFGPLGUMO2ORWB6KL6P561,initialized,0,,1612896083136
A20WECK0YBMQAO:35H6S234SFGPLGUMO2ORWB6KL6P561,window_resize,0,"[1126, 678]",1612896083136
A20WECK0YBMQAO:35H6S234SFGPLGUMO2ORWB6KL6P561,focus,1247,on,1612896084383
ACID7NKW5A8QC:37U1UTWH9021UHB8EOYSJQ77JJ28R2,initialized,0,,1612895379146
ACID7NKW5A8QC:37U1UTWH9021UHB8EOYSJQ77JJ28R2,window_resize,0,"[1024, 660]",1612895379146
A3K1P4SPR8XS7R:3KV0LJBBH71GF6DC8P8BO8823OTMR6,initialized,0,,1612896496968
A3K1P4SPR8XS7R:3KV0LJBBH71GF6DC8P8BO8823OTMR6,window_resize,0,"[1440, 821]",1612896496968
A3K1P4SPR8XS7R:3KV0LJBBH71GF6DC8P8BO8823OTMR6,focus,16319,off,1612896513287
A3K1P4SPR8XS7R:3KV0LJBBH71GF6DC8P8BO8823OTMR6,focus,3008,on,1612896516295
A3K1P4SPR8XS7R:3KV0LJBBH71GF6DC8P8BO8823OTMR6,focus,2743,off,1612896519038
A3K1P4SPR8XS7R:3KV0LJBBH71GF6DC8P8BO8823OTMR6,focus,5883,on,1612896524921
A3K1P4SPR8XS7R:3KV0LJBBH71GF6DC8P8BO8823OTMR6,focus,23170,off,1612896548091
A3K1P4SPR8XS7R:3KV0LJBBH71GF6DC8P8BO8823OTMR6,focus,10720,on,1612896558811
